synthetic_notice,field_name,field_type,purpose
All data in this file is synthetic and created for demonstration purposes.,submission_id,text,Synthetic unique intake ID
All data in this file is synthetic and created for demonstration purposes.,submitted_at,timestamp,Synthetic submission time
All data in this file is synthetic and created for demonstration purposes.,full_name,text,Fake contact name
All data in this file is synthetic and created for demonstration purposes.,email,text,Fake contact email
All data in this file is synthetic and created for demonstration purposes.,organization,text,Fake organization name
All data in this file is synthetic and created for demonstration purposes.,source,text,Generic source label
All data in this file is synthetic and created for demonstration purposes.,interest_category,text,Synthetic interest category
All data in this file is synthetic and created for demonstration purposes.,lifecycle_status,text,Generic routing status
All data in this file is synthetic and created for demonstration purposes.,review_notes,text,Synthetic reviewer note
